<?xml version="1.0" encoding="utf-8"?>
<ideas>
<idea>
<title><![CDATA[<a href="http://local.wordpress.test/groups/Idea-8888888">Idea 8888888 </a>]]></title>
<donate><![CDATA[<a href="http://"> </a>]]></donate>
<description><![CDATA[Idea 8888888]]></description>
</idea>
<idea>
<title><![CDATA[<a href="http://local.wordpress.test/groups/Idea-888888">Idea 888888 </a>]]></title>
<donate><![CDATA[<a href="http://q">q </a>]]></donate>
<description><![CDATA[Idea 888888]]></description>
</idea>
<idea>
<title><![CDATA[<a href="http://local.wordpress.test/groups/Idea-666666">Idea 666666 </a>]]></title>
<donate><![CDATA[<a href="http://q">q </a>]]></donate>
<description><![CDATA[Idea 666666]]></description>
</idea>
<idea>
<title><![CDATA[<a href="http://local.wordpress.test/groups/Idea-44444">Idea 44444 </a>]]></title>
<donate><![CDATA[<a href="http://o">o </a>]]></donate>
<description><![CDATA[Idea 44444]]></description>
</idea>
<idea>
<title><![CDATA[<a href="http://local.wordpress.test/groups/Idea-33333">Idea 33333 </a>]]></title>
<donate><![CDATA[<a href="http://o">o </a>]]></donate>
<description><![CDATA[Idea 33333]]></description>
</idea>
<idea>
<title><![CDATA[<a href="http://local.wordpress.test/groups/Idea-22222">Idea 22222 </a>]]></title>
<donate><![CDATA[<a href="http://q">q </a>]]></donate>
<description><![CDATA[Idea 22222]]></description>
</idea>
<idea>
<title><![CDATA[<a href="http://local.wordpress.test/groups/Idea-11111">Idea 11111 </a>]]></title>
<donate><![CDATA[<a href="http://q">q </a>]]></donate>
<description><![CDATA[Idea 11111]]></description>
</idea>
<idea>
<title><![CDATA[<a href="http://local.wordpress.test/groups/Idea-8000">Idea 8000 </a>]]></title>
<donate><![CDATA[<a href="http://o">o </a>]]></donate>
<description><![CDATA[Idea 8000]]></description>
</idea>
<idea>
<title><![CDATA[<a href="http://local.wordpress.test/groups/Idea-7000">Idea 7000 </a>]]></title>
<donate><![CDATA[<a href="http://o">o </a>]]></donate>
<description><![CDATA[Idea 7000]]></description>
</idea>
<idea>
<title><![CDATA[<a href="http://local.wordpress.test/groups/Idea-6000">Idea 6000 </a>]]></title>
<donate><![CDATA[<a href="http://Idea 6000">Idea 6000 </a>]]></donate>
<description><![CDATA[Idea 6000]]></description>
</idea>
<idea>
<title><![CDATA[<a href="http://local.wordpress.test/groups/Ideas-5000">Ideas 5000 </a>]]></title>
<donate><![CDATA[<a href="http://one">one </a>]]></donate>
<description><![CDATA[Ideas 5000]]></description>
</idea>
<idea>
<title><![CDATA[<a href="http://local.wordpress.test/groups/Ideas-4000">Ideas 4000 </a>]]></title>
<donate><![CDATA[<a href="http://one.wordpress.test">one.wordpress.test </a>]]></donate>
<description><![CDATA[Ideas 4000]]></description>
</idea>
<idea>
<title><![CDATA[<a href="http://local.wordpress.test/groups/Idea-3000">Idea 3000 </a>]]></title>
<donate><![CDATA[<a href="http://one.wordpress.test">one.wordpress.test </a>]]></donate>
<description><![CDATA[Idea 3000]]></description>
</idea>
<idea>
<title><![CDATA[<a href="http://local.wordpress.test/groups/Idea-2000">Idea 2000 </a>]]></title>
<donate><![CDATA[<a href="http://one.wordpress.test/ideas/">one.wordpress.test/ideas/ </a>]]></donate>
<description><![CDATA[Idea 2000]]></description>
</idea>
<idea>
<title><![CDATA[<a href="http://local.wordpress.test/groups/Idea-1000">Idea 1000 </a>]]></title>
<donate><![CDATA[<a href="http://one.wordpress.test">one.wordpress.test </a>]]></donate>
<description><![CDATA[Idea 1000]]></description>
</idea>
<idea>
<title><![CDATA[<a href="http://local.wordpress.test/groups/Idea-999">Idea 999 </a>]]></title>
<donate><![CDATA[<a href="http://one.wordpress.test">one.wordpress.test </a>]]></donate>
<description><![CDATA[Idea 999]]></description>
</idea>
<idea>
<title><![CDATA[<a href="http://local.wordpress.test/groups/Idea-888">Idea 888 </a>]]></title>
<donate><![CDATA[<a href="http://one.wordpress.test">one.wordpress.test </a>]]></donate>
<description><![CDATA[Idea 888]]></description>
</idea>
<idea>
<title><![CDATA[<a href="http://local.wordpress.test/groups/Idea-777">Idea 777 </a>]]></title>
<donate><![CDATA[<a href="http://one.wordpress.test">one.wordpress.test </a>]]></donate>
<description><![CDATA[Idea 777]]></description>
</idea>
<idea>
<title><![CDATA[<a href="http://local.wordpress.test/groups/Idea-666">Idea 666 </a>]]></title>
<donate><![CDATA[<a href="http://one.wordpress.test">one.wordpress.test </a>]]></donate>
<description><![CDATA[Idea 666]]></description>
</idea>
<idea>
<title><![CDATA[<a href="http://local.wordpress.test/groups/Idea-555">Idea 555 </a>]]></title>
<donate><![CDATA[<a href="http://one.wordpress.test">one.wordpress.test </a>]]></donate>
<description><![CDATA[Idea 555]]></description>
</idea>
<idea>
<title><![CDATA[<a href="http://local.wordpress.test/groups/ideas-444">ideas 444 </a>]]></title>
<donate><![CDATA[<a href="http://one.wordpress.test">one.wordpress.test </a>]]></donate>
<description><![CDATA[ideas 444]]></description>
</idea>
<idea>
<title><![CDATA[<a href="http://local.wordpress.test/groups/Idea-200">Idea 200 </a>]]></title>
<donate><![CDATA[<a href="http://one.wordpress.test">one.wordpress.test </a>]]></donate>
<description><![CDATA[Idea 200]]></description>
</idea>
<idea>
<title><![CDATA[<a href="http://local.wordpress.test/groups/Idea-34">Idea 34 </a>]]></title>
<donate><![CDATA[<a href="http://one.wordpress.test">one.wordpress.test </a>]]></donate>
<description><![CDATA[Idea 34]]></description>
</idea>
<idea>
<title><![CDATA[<a href="http://local.wordpress.test/groups/Idea-107">Idea 107 </a>]]></title>
<donate><![CDATA[<a href="http://one.wordpress.test">one.wordpress.test </a>]]></donate>
<description><![CDATA[Idea 107]]></description>
</idea>
<idea>
<title><![CDATA[<a href="http://local.wordpress.test/groups/idea-106">idea 106 </a>]]></title>
<donate><![CDATA[<a href="http://one.wordpress.test">one.wordpress.test </a>]]></donate>
<description><![CDATA[idea 106]]></description>
</idea>
<idea>
<title><![CDATA[<a href="http://local.wordpress.test/groups/Idea-103">Idea 103 </a>]]></title>
<donate><![CDATA[<a href="http://one.wordpress.test">one.wordpress.test </a>]]></donate>
<description><![CDATA[Idea 103]]></description>
</idea>
<idea>
<title><![CDATA[<a href="http://local.wordpress.test/groups/Ideas-102">Ideas 102 </a>]]></title>
<donate><![CDATA[<a href="http://one.wordpress.com">one.wordpress.com </a>]]></donate>
<description><![CDATA[Ideas 102]]></description>
</idea>
<idea>
<title><![CDATA[<a href="http://local.wordpress.test/groups/Idea-101">Idea 101 </a>]]></title>
<donate><![CDATA[<a href="http://one.wordpress.test">one.wordpress.test </a>]]></donate>
<description><![CDATA[Idea 101]]></description>
</idea>
<idea>
<title><![CDATA[<a href="http://local.wordpress.test/groups/Super-Idea-100">Super Idea 100 </a>]]></title>
<donate><![CDATA[<a href="http://one.wordpress.test">one.wordpress.test </a>]]></donate>
<description><![CDATA[Super Idea 100]]></description>
</idea>
<idea>
<title><![CDATA[<a href="http://local.wordpress.test/groups/Super-Idea-77">Super Idea 77 </a>]]></title>
<donate><![CDATA[<a href="http://one.wordpress.test">one.wordpress.test </a>]]></donate>
<description><![CDATA[Super Idea 77]]></description>
</idea>
<idea>
<title><![CDATA[<a href="http://local.wordpress.test/groups/Hello-Idea-super-great">Hello Idea super great </a>]]></title>
<donate><![CDATA[<a href="http://one.wordpress.test">one.wordpress.test </a>]]></donate>
<description><![CDATA[Hello Idea super great]]></description>
</idea>
<idea>
<title><![CDATA[<a href="http://local.wordpress.test/groups/idea-999">idea 999 </a>]]></title>
<donate><![CDATA[<a href="http://one.wordpress.test">one.wordpress.test </a>]]></donate>
<description><![CDATA[idea 999]]></description>
</idea>
<idea>
<title><![CDATA[<a href="http://local.wordpress.test/groups/idea-888">idea 888 </a>]]></title>
<donate><![CDATA[<a href="http://one.wordpress.test">one.wordpress.test </a>]]></donate>
<description><![CDATA[idea 888]]></description>
</idea>
<idea>
<title><![CDATA[<a href="http://local.wordpress.test/groups/idea-777">idea 777 </a>]]></title>
<donate><![CDATA[<a href="http://one.wordpress.test">one.wordpress.test </a>]]></donate>
<description><![CDATA[idea 777]]></description>
</idea>
<idea>
<title><![CDATA[<a href="http://local.wordpress.test/groups/Idea-555">Idea 555 </a>]]></title>
<donate><![CDATA[<a href="http://one.wordpress.test">one.wordpress.test </a>]]></donate>
<description><![CDATA[Idea 555]]></description>
</idea>
<idea>
<title><![CDATA[<a href="http://local.wordpress.test/groups/idea-444">idea 444 </a>]]></title>
<donate><![CDATA[<a href="http://one.wordpress.test">one.wordpress.test </a>]]></donate>
<description><![CDATA[idea 444]]></description>
</idea>
<idea>
<title><![CDATA[<a href="http://local.wordpress.test/groups/idea-333">idea 333 </a>]]></title>
<donate><![CDATA[<a href="http://one.wordpress.test">one.wordpress.test </a>]]></donate>
<description><![CDATA[idea 333]]></description>
</idea>
<idea>
<title><![CDATA[<a href="http://local.wordpress.test/groups/Idea-88">Idea 88 </a>]]></title>
<donate><![CDATA[<a href="http://one.wordpress.test">one.wordpress.test </a>]]></donate>
<description><![CDATA[Idea 88]]></description>
</idea>
<idea>
<title><![CDATA[<a href="http://local.wordpress.test/groups/Idea-77">Idea 77 </a>]]></title>
<donate><![CDATA[<a href="http://one.wordpress.test">one.wordpress.test </a>]]></donate>
<description><![CDATA[This is an Idea. An Idea 77. Yup.]]></description>
</idea>
<idea>
<title><![CDATA[<a href="http://local.wordpress.test/groups/Idea-66">Idea 66 </a>]]></title>
<donate><![CDATA[<a href="http://one.wordpress.test">one.wordpress.test </a>]]></donate>
<description><![CDATA[Idea 66]]></description>
</idea>
<idea>
<title><![CDATA[<a href="http://local.wordpress.test/groups/Idea-55">Idea 55 </a>]]></title>
<donate><![CDATA[<a href="http://one.wordpress.test">one.wordpress.test </a>]]></donate>
<description><![CDATA[Idea 55]]></description>
</idea>
<idea>
<title><![CDATA[<a href="http://local.wordpress.test/groups/idea-44">idea 44 </a>]]></title>
<donate><![CDATA[<a href="http://one.wordpress.test">one.wordpress.test </a>]]></donate>
<description><![CDATA[idea 44]]></description>
</idea>
<idea>
<title><![CDATA[<a href="http://local.wordpress.test/groups/Another-idea-11">Another idea 11 </a>]]></title>
<donate><![CDATA[<a href="http://one.wordpress.test">one.wordpress.test </a>]]></donate>
<description><![CDATA[Another idea 11]]></description>
</idea>
<idea>
<title><![CDATA[<a href="http://local.wordpress.test/groups/A-great-idea-22">A great idea 22 </a>]]></title>
<donate><![CDATA[<a href="http://one.wordpress.test">one.wordpress.test </a>]]></donate>
<description><![CDATA[A very great idea 22.]]></description>
</idea>
<idea>
<title><![CDATA[<a href="http://local.wordpress.test/groups/A-great-idea-3">A great idea 3 </a>]]></title>
<donate><![CDATA[<a href="http://one.wordpress.test">one.wordpress.test </a>]]></donate>
<description><![CDATA[A great idea 3.]]></description>
</idea>
<idea>
<title><![CDATA[<a href="http://local.wordpress.test/groups/jesse">jesse </a>]]></title>
<donate><![CDATA[<a href="http://one.wordpress.test">one.wordpress.test </a>]]></donate>
<description><![CDATA[jesse]]></description>
</idea>
<idea>
<title><![CDATA[<a href="http://local.wordpress.test/groups/The-great-idea.">The great idea. </a>]]></title>
<donate><![CDATA[<a href="http://one.wordpress.test">one.wordpress.test </a>]]></donate>
<description><![CDATA[Idea 10]]></description>
</idea>
</ideas>
